customerID,gender,SeniorCitizen,tenure,TenureBucket,Contract,MonthlyCharges,ChargeBucket,TotalCharges,Churn
7590-VHVEG,Female,0,1,0-1 years,Month-to-month,29.85,Low,29.85,No
5575-GNVDE,Male,0,34,2-4 years,One year,56.95,Medium,1889.5,No
3668-QPYBK,Male,0,2,0-1 years,Month-to-month,53.85,Medium,108.15,Yes
7795-CFOCW,Male,0,45,2-4 years,One year,42.3,Medium,1840.75,No
9237-HQITU,Female,0,2,0-1 years,Month-to-month,70.7,High,151.65,Yes
9305-CDSKC,Female,0,8,0-1 years,Month-to-month,99.65,High,820.5,Yes
1452-KIOVK,Male,0,22,1-2 years,Month-to-month,89.1,High,1949.4,No
6713-OKOMC,Female,0,10,0-1 years,Month-to-month,29.75,Low,301.9,No
7892-POOKP,Female,0,28,2-4 years,Month-to-month,104.8,High,3046.05,Yes
6388-TABGU,Male,0,62,4-6 years,One year,56.15,Medium,3487.95,No
9763-GRSKD,Male,0,13,1-2 years,Month-to-month,49.95,Medium,587.45,No
7469-LKBCI,Male,0,16,1-2 years,Two year,18.95,Low,326.8,No
8091-TTVAX,Male,0,58,4-6 years,One year,100.35,High,5681.1,No
0280-XJGEX,Male,0,49,4-6 years,Month-to-month,103.7,High,5036.3,Yes
5129-JLPIS,Male,0,25,2-4 years,Month-to-month,105.5,High,2686.05,No
3655-SNQYZ,Female,0,69,4-6 years,Two year,113.25,High,7895.15,No
8191-XWSZG,Female,0,52,4-6 years,One year,20.65,Low,1022.95,No
9959-WOFKT,Male,0,71,4-6 years,Two year,106.7,High,7382.25,No
4190-MFLUW,Female,0,10,0-1 years,Month-to-month,55.2,Medium,528.35,Yes
4183-MYFRB,Female,0,21,1-2 years,Month-to-month,90.05,High,1862.9,No
8779-QRDMV,Male,1,1,0-1 years,Month-to-month,39.65,Medium,39.65,Yes
1680-VDCWW,Male,0,12,0-1 years,One year,19.8,Low,202.25,No
1066-JKSGK,Male,0,1,0-1 years,Month-to-month,20.15,Low,20.15,Yes
3638-WEABW,Female,0,58,4-6 years,Two year,59.9,Medium,3505.1,No
6322-HRPFA,Male,0,49,4-6 years,Month-to-month,59.6,Medium,2970.3,No
6865-JZNKO,Female,0,30,2-4 years,Month-to-month,55.3,Medium,1530.6,No
6467-CHFZW,Male,0,47,2-4 years,Month-to-month,99.35,High,4749.15,Yes
8665-UTDHZ,Male,0,1,0-1 years,Month-to-month,30.2,Low,30.2,Yes
5248-YGIJN,Male,0,72,4-6 years,Two year,90.25,High,6369.45,No
8773-HHUOZ,Female,0,17,1-2 years,Month-to-month,64.7,Medium,1093.1,Yes
3841-NFECX,Female,1,71,4-6 years,Two year,96.35,High,6766.95,No
4929-XIHVW,Male,1,2,0-1 years,Month-to-month,95.5,High,181.65,No
6827-IEAUQ,Female,0,27,2-4 years,One year,66.15,Medium,1874.45,No
7310-EGVHZ,Male,0,1,0-1 years,Month-to-month,20.2,Low,20.2,No
3413-BMNZE,Male,1,1,0-1 years,Month-to-month,45.25,Medium,45.25,No
6234-RAAPL,Female,0,72,4-6 years,Two year,99.9,High,7251.7,No
6047-YHPVI,Male,0,5,0-1 years,Month-to-month,69.7,Medium,316.9,Yes
6572-ADKRS,Female,0,46,2-4 years,Month-to-month,74.8,High,3548.3,No
5380-WJKOV,Male,0,34,2-4 years,Month-to-month,106.35,High,3549.25,Yes
8168-UQWWF,Female,0,11,0-1 years,Month-to-month,97.85,High,1105.4,Yes
8865-TNMNX,Male,0,10,0-1 years,One year,49.55,Medium,475.7,No
9489-DEDVP,Female,0,70,4-6 years,Two year,69.2,Medium,4872.35,No
9867-JCZSP,Female,0,17,1-2 years,One year,20.75,Low,418.25,No
4671-VJLCL,Female,0,63,4-6 years,Two year,79.85,High,4861.45,No
4080-IIARD,Female,0,13,1-2 years,Month-to-month,76.2,High,981.45,No
3714-NTNFO,Female,0,49,4-6 years,Month-to-month,84.5,High,3906.7,No
5948-UJZLF,Male,0,2,0-1 years,Month-to-month,49.25,Medium,97.0,No
7760-OYPDY,Female,0,2,0-1 years,Month-to-month,80.65,High,144.15,Yes
7639-LIAYI,Male,0,52,4-6 years,Two year,79.75,High,4217.8,No
2954-PIBKO,Female,0,69,4-6 years,Two year,64.15,Medium,4254.1,No
8012-SOUDQ,Female,1,43,2-4 years,Month-to-month,90.25,High,3838.75,No
9420-LOJKX,Female,0,15,1-2 years,Month-to-month,99.1,High,1426.4,Yes
6575-SUVOI,Female,1,25,2-4 years,Month-to-month,69.5,Medium,1752.65,No
7495-OOKFY,Female,1,8,0-1 years,Month-to-month,80.65,High,633.3,Yes
4667-QONEA,Female,1,60,4-6 years,One year,74.85,High,4456.35,No
1658-BYGOY,Male,1,18,1-2 years,Month-to-month,95.45,High,1752.55,Yes
8769-KKTPH,Female,0,63,4-6 years,One year,99.65,High,6311.2,No
5067-XJQFU,Male,1,66,4-6 years,One year,108.45,High,7076.35,No
3957-SQXML,Female,0,34,2-4 years,Two year,24.95,Low,894.3,No
5954-BDFSG,Female,0,72,4-6 years,Two year,107.5,High,7853.7,No
0434-CSFON,Female,0,47,2-4 years,Month-to-month,100.5,High,4707.1,No
1215-FIGMP,Male,0,60,4-6 years,Month-to-month,89.9,High,5450.7,No
0526-SXDJP,Male,0,72,4-6 years,Two year,42.1,Medium,2962.0,No
0557-ASKVU,Female,0,18,1-2 years,One year,54.4,Medium,957.1,No
5698-BQJOH,Female,0,9,0-1 years,Month-to-month,94.4,High,857.25,Yes
5122-CYFXA,Female,0,3,0-1 years,Month-to-month,75.3,High,244.1,No
8627-ZYGSZ,Male,0,47,2-4 years,One year,78.9,High,3650.35,No
3410-YOQBQ,Female,0,31,2-4 years,Two year,79.2,High,2497.2,No
3170-NMYVV,Female,0,50,4-6 years,Two year,20.15,Low,930.9,No
7410-OIEDU,Male,0,10,0-1 years,Month-to-month,79.85,High,887.35,No
2273-QCKXA,Male,0,1,0-1 years,Month-to-month,49.05,Medium,49.05,No
0731-EBJQB,Female,0,52,4-6 years,One year,20.4,Low,1090.65,No
1891-QRQSA,Male,1,64,4-6 years,Two year,111.6,High,7099.0,No
8028-PNXHQ,Male,0,62,4-6 years,Two year,24.25,Low,1424.6,No
5630-AHZIL,Female,0,3,0-1 years,Month-to-month,64.5,Medium,177.4,No
2673-CXQEU,Female,1,56,4-6 years,One year,110.5,High,6139.5,No
6416-JNVRK,Female,0,46,2-4 years,One year,55.65,Medium,2688.85,No
5590-ZSKRV,Female,0,8,0-1 years,Month-to-month,54.65,Medium,482.25,No
0191-ZHSKZ,Male,1,30,2-4 years,Month-to-month,74.75,High,2111.3,No
3887-PBQAO,Female,0,45,2-4 years,One year,25.9,Low,1216.6,No
5919-TMRGD,Female,0,1,0-1 years,Month-to-month,79.35,High,79.35,Yes
8108-UXRQN,Female,0,11,0-1 years,Month-to-month,50.55,Medium,565.35,No
9191-MYQKX,Female,0,7,0-1 years,Month-to-month,75.15,High,496.9,Yes
9919-YLNNG,Female,0,42,2-4 years,Month-to-month,103.8,High,4327.5,No
0318-ZOPWS,Female,0,49,4-6 years,Two year,20.15,Low,973.35,No
4445-ZJNMU,Male,0,9,0-1 years,Month-to-month,99.3,High,918.75,No
4808-YNLEU,Female,0,35,2-4 years,One year,62.15,Medium,2215.45,No
1862-QRWPE,Female,0,48,2-4 years,Two year,20.65,Low,1057.0,No
2796-NNUFI,Female,0,46,2-4 years,Two year,19.95,Low,927.1,No
3016-KSVCP,Male,0,29,2-4 years,Month-to-month,33.75,Low,1009.25,No
4767-HZZHQ,Male,0,30,2-4 years,Month-to-month,82.05,High,2570.2,No
2424-WVHPL,Male,1,1,0-1 years,Month-to-month,74.7,High,74.7,No
7233-PAHHL,Male,0,66,4-6 years,Two year,84.0,High,5714.25,No
6067-NGCEU,Female,0,65,4-6 years,Month-to-month,111.05,High,7107.0,No
9848-JQJTX,Male,0,72,4-6 years,Two year,100.9,High,7459.05,No
8637-XJIVR,Female,0,12,0-1 years,Month-to-month,78.95,High,927.35,Yes
9803-FTJCG,Male,0,71,4-6 years,One year,66.85,Medium,4748.7,No
0278-YXOOG,Male,0,5,0-1 years,Month-to-month,21.05,Low,113.85,Yes
3212-KXOCR,Male,0,52,4-6 years,Two year,21.0,Low,1107.2,No
4598-XLKNJ,Female,1,25,2-4 years,Month-to-month,98.5,High,2514.5,Yes
6380-ARCEH,Male,0,1,0-1 years,Month-to-month,20.2,Low,20.2,No
3679-XASPY,Female,0,1,0-1 years,Month-to-month,19.45,Low,19.45,No
7123-WQUHX,Male,0,38,2-4 years,One year,95.0,High,3605.6,No
5386-THSLQ,Female,1,66,4-6 years,One year,45.55,Medium,3027.25,No
3192-NQECA,Male,0,68,4-6 years,Two year,110.0,High,7611.85,Yes
6180-YBIQI,Male,0,5,0-1 years,Month-to-month,24.3,Low,100.2,No
6728-DKUCO,Female,0,72,4-6 years,One year,104.15,High,7303.05,No
9750-BOOHV,Female,0,32,2-4 years,One year,30.15,Low,927.65,No
8597-CWYHH,Male,0,43,2-4 years,One year,94.35,High,3921.3,No
2848-YXSMW,Male,0,72,4-6 years,Two year,19.4,Low,1363.25,No
0486-HECZI,Male,0,55,4-6 years,Month-to-month,96.75,High,5238.9,Yes
4549-ZDQYY,Female,0,52,4-6 years,One year,57.95,Medium,3042.25,No
5712-AHQNN,Female,0,43,2-4 years,Month-to-month,91.65,High,3954.1,No
4846-WHAFZ,Female,1,37,2-4 years,Month-to-month,76.5,High,2868.15,Yes
5256-SKJGO,Female,0,64,4-6 years,Two year,54.6,Medium,3423.5,No
3071-VBYPO,Male,0,3,0-1 years,Month-to-month,89.85,High,248.4,No
9560-BBZXK,Female,0,36,2-4 years,Two year,31.05,Low,1126.35,No
5299-RULOA,Female,0,10,0-1 years,Month-to-month,100.25,High,1064.65,Yes
8402-OOOHJ,Female,0,41,2-4 years,Two year,20.65,Low,835.15,No
9445-ZUEQE,Male,0,27,2-4 years,Month-to-month,85.2,High,2151.6,No
1091-SOZGA,Female,0,56,4-6 years,One year,99.8,High,5515.45,No
2928-HLDBA,Female,0,6,0-1 years,Month-to-month,20.7,Low,112.75,No
0404-SWRVG,Male,0,3,0-1 years,Month-to-month,74.4,High,229.55,Yes
6497-TILVL,Female,0,7,0-1 years,Month-to-month,50.7,Medium,350.35,No
7219-TLZHO,Female,0,4,0-1 years,Month-to-month,20.85,Low,62.9,No
4622-YNKIJ,Male,0,33,2-4 years,Two year,88.95,High,3027.65,No
4412-YLTKF,Female,1,27,2-4 years,Month-to-month,78.05,High,2135.5,Yes
6734-PSBAW,Male,0,72,4-6 years,Two year,23.55,Low,1723.95,No
3930-ZGWVE,Male,0,1,0-1 years,Month-to-month,19.75,Low,19.75,No
2639-UGMAZ,Male,1,71,4-6 years,One year,56.45,Medium,3985.35,No
2876-GZYZC,Female,0,13,1-2 years,Month-to-month,85.95,High,1215.65,No
6207-WIOLX,Female,0,25,2-4 years,Month-to-month,58.6,Medium,1502.65,Yes
8587-XYZSF,Male,0,67,4-6 years,Two year,50.55,Medium,3260.1,No
3091-FYHKI,Male,0,1,0-1 years,Month-to-month,35.45,Medium,35.45,Yes
2372-HWUHI,Male,0,2,0-1 years,Month-to-month,44.35,Medium,81.25,Yes
7799-LGRDP,Female,0,43,2-4 years,Two year,25.7,Low,1188.2,No
7850-VWJUU,Female,0,23,1-2 years,Month-to-month,75.0,High,1778.5,No
3774-VBNXY,Female,0,64,4-6 years,Two year,20.2,Low,1277.75,No
6217-KDYWC,Male,0,57,4-6 years,Two year,19.6,Low,1170.55,No
0390-DCFDQ,Female,1,1,0-1 years,Month-to-month,70.45,High,70.45,Yes
3146-MSEGF,Female,1,72,4-6 years,Two year,88.05,High,6425.65,No
4080-OGPJL,Female,0,8,0-1 years,Month-to-month,71.15,High,563.65,Yes
1095-WGNGG,Female,0,61,4-6 years,Two year,101.05,High,5971.25,No
2636-SJDOU,Male,0,64,4-6 years,One year,84.3,High,5289.05,No
1131-QQZEB,Male,1,71,4-6 years,Two year,23.95,Low,1756.2,No
5716-EZXZN,Female,0,65,4-6 years,Two year,99.05,High,6416.7,No
6837-BJYDQ,Male,0,3,0-1 years,One year,19.6,Low,61.35,No
2135-RXIHG,Male,0,1,0-1 years,Month-to-month,45.65,Medium,45.65,Yes
6440-DKQGE,Male,0,30,2-4 years,One year,64.5,Medium,1929.95,No
3466-BYAVD,Male,0,15,1-2 years,Month-to-month,69.5,Medium,1071.4,No
3780-YVMFA,Female,0,8,0-1 years,Month-to-month,68.55,Medium,564.35,No
3874-EQOEP,Male,0,7,0-1 years,Month-to-month,95.0,High,655.5,Yes
1679-JRFBR,Female,0,70,4-6 years,One year,108.15,High,7930.55,No
9073-ZZIAY,Male,0,62,4-6 years,Two year,86.1,High,5215.25,No
3077-RSNTJ,Female,0,6,0-1 years,Month-to-month,19.7,Low,113.5,No
6551-GNYDG,Female,0,14,1-2 years,Month-to-month,80.9,High,1152.8,No
9167-APMXZ,Female,0,22,1-2 years,Month-to-month,84.15,High,1821.95,No
2749-CTKAJ,Male,0,22,1-2 years,One year,20.15,Low,419.9,No
6371-NZYEG,Male,0,16,1-2 years,Two year,64.25,Medium,1024.0,No
7554-NEWDD,Male,0,10,0-1 years,Two year,25.7,Low,251.6,No
8992-VONJD,Female,0,13,1-2 years,Month-to-month,56.0,Medium,764.55,No
0867-MKZVY,Female,0,20,1-2 years,Month-to-month,82.4,High,1592.35,Yes
4482-EWFMI,Female,0,2,0-1 years,Month-to-month,69.7,Medium,135.2,No
4648-YPBTM,Male,0,53,4-6 years,Two year,73.9,High,3958.25,No
2907-ILJBN,Female,0,11,0-1 years,One year,20.6,Low,233.9,No
6345-FZOQH,Male,0,69,4-6 years,Two year,19.9,Low,1363.45,No
3376-BMGFE,Female,0,4,0-1 years,Month-to-month,70.9,High,273.0,Yes
5997-OPVFA,Male,0,72,4-6 years,Two year,89.05,High,6254.45,No
3445-HXXGF,Male,1,58,4-6 years,Month-to-month,45.3,Medium,2651.2,Yes
1159-WFSGR,Female,0,16,1-2 years,Month-to-month,20.4,Low,321.4,No
7654-YWJUF,Male,0,43,2-4 years,One year,84.25,High,3539.25,No
1875-QIVME,Female,0,2,0-1 years,Month-to-month,104.4,High,242.8,Yes
6727-IOTLZ,Male,0,14,1-2 years,Two year,81.95,High,1181.75,No
0691-JVSYA,Female,0,53,4-6 years,One year,94.85,High,5000.2,Yes
5918-VUKWP,Female,0,32,2-4 years,One year,20.55,Low,654.55,No
1744-JHKYS,Female,0,34,2-4 years,Month-to-month,24.7,Low,780.2,No
2656-FMOKZ,Female,1,15,1-2 years,Month-to-month,74.45,High,1145.7,Yes
2070-FNEXE,Female,1,7,0-1 years,Month-to-month,76.45,High,503.6,Yes
5947-SGKCL,Female,0,15,1-2 years,Month-to-month,105.35,High,1559.25,No
3712-PKXZA,Male,0,61,4-6 years,One year,20.55,Low,1252.0,No
6317-YPKDH,Female,0,1,0-1 years,Month-to-month,29.95,Low,29.95,Yes
6582-OIVSP,Female,0,1,0-1 years,Month-to-month,45.3,Medium,45.3,No
9367-WXLCH,Male,0,8,0-1 years,Month-to-month,84.5,High,662.65,Yes
5524-KHNJP,Male,0,33,2-4 years,One year,74.75,High,2453.3,No
1918-ZBFQJ,Female,0,13,1-2 years,Month-to-month,79.25,High,1111.65,Yes
1024-GUALD,Female,0,1,0-1 years,Month-to-month,24.8,Low,24.8,Yes
4827-USJHP,Male,0,20,1-2 years,Month-to-month,51.8,Medium,1023.85,No
8167-GJLRN,Male,0,3,0-1 years,Month-to-month,30.4,Low,82.15,No
0956-SYCWG,Female,0,13,1-2 years,One year,19.65,Low,244.8,No
8017-UVSZU,Female,0,40,2-4 years,Month-to-month,56.6,Medium,2379.1,No
7100-FQPRV,Male,0,43,2-4 years,One year,71.9,High,3173.35,No
2472-OVKUP,Male,0,6,0-1 years,Month-to-month,91.0,High,531.0,Yes
2984-RGEYA,Female,0,69,4-6 years,Two year,19.75,Low,1375.4,No
9680-NIAUV,Female,0,72,4-6 years,Two year,109.7,High,8129.3,No
2146-EGVDT,Male,0,59,4-6 years,Two year,19.3,Low,1192.7,No
2604-IJPDU,Female,0,20,1-2 years,Month-to-month,96.55,High,1901.65,No
9178-JHUVJ,Male,0,24,1-2 years,Two year,24.1,Low,587.4,No
6168-YBYNP,Male,0,59,4-6 years,Month-to-month,111.35,High,6519.75,No
7255-SSFBC,Male,0,72,4-6 years,Two year,112.25,High,8041.65,No
3645-DEYGF,Male,0,1,0-1 years,Month-to-month,20.75,Low,20.75,No
9323-HGFWY,Female,0,27,2-4 years,One year,101.9,High,2681.15,No
8544-GOQSH,Female,0,14,1-2 years,Month-to-month,80.05,High,1112.3,No
3363-DTIVD,Male,0,71,4-6 years,Two year,105.55,High,7405.5,No
7018-WBJNK,Male,0,13,1-2 years,Month-to-month,78.3,High,1033.95,No
9142-KZXOP,Male,0,44,2-4 years,Month-to-month,68.85,Medium,2958.95,No
7674-YTAFD,Female,0,33,2-4 years,One year,79.95,High,2684.85,No
6348-SNFUS,Male,0,72,4-6 years,Two year,55.45,Medium,4179.2,No
1285-OKIPP,Male,0,1,0-1 years,Month-to-month,79.9,High,79.9,Yes
7825-ECJRF,Female,0,19,1-2 years,Month-to-month,106.6,High,1934.45,Yes
1347-KTTTA,Male,0,64,4-6 years,One year,102.45,High,6654.1,No
7841-TZDMQ,Male,0,2,0-1 years,Month-to-month,46.0,Medium,84.5,Yes
4195-NZGTA,Female,0,1,0-1 years,Month-to-month,25.25,Low,25.25,No
7157-SMCFK,Male,0,61,4-6 years,Two year,19.75,Low,1124.2,No
4709-LKHYG,Female,0,29,2-4 years,One year,20.0,Low,540.05,No
2504-DSHIH,Male,1,23,1-2 years,Month-to-month,86.8,High,1975.85,No
0699-NDKJM,Female,0,57,4-6 years,Month-to-month,58.75,Medium,3437.45,No
9286-BHDQG,Male,0,72,4-6 years,Two year,45.25,Medium,3139.8,No
0230-WEQUW,Male,0,66,4-6 years,Two year,56.6,Medium,3789.2,No
2040-LDIWQ,Male,0,65,4-6 years,Two year,84.2,High,5324.5,No
6496-JDSSB,Female,0,8,0-1 years,Month-to-month,80.0,High,624.6,No
9408-SSNVZ,Female,0,4,0-1 years,Month-to-month,70.15,High,268.35,Yes
4443-EMBNA,Female,0,71,4-6 years,Two year,24.75,Low,1836.9,No
6469-MRVET,Male,0,1,0-1 years,One year,20.2,Low,20.2,No
0742-MOABM,Male,0,4,0-1 years,Month-to-month,50.05,Medium,179.35,Yes
5961-VUSRV,Female,0,12,0-1 years,One year,19.35,Low,219.35,No
6778-JFCMK,Male,0,24,1-2 years,One year,50.6,Medium,1288.75,No
6341-JVQGF,Female,0,31,2-4 years,One year,81.15,High,2545.75,No
2232-DMLXU,Female,0,1,0-1 years,Month-to-month,55.2,Medium,55.2,Yes
4811-JBUVU,Male,0,30,2-4 years,Month-to-month,89.9,High,2723.15,No
0945-TSONX,Female,0,47,2-4 years,Two year,85.3,High,4107.25,No
2651-ZCBXV,Male,0,54,4-6 years,Two year,108.0,High,5760.65,No
3316-UWXUY,Male,0,50,4-6 years,Month-to-month,93.5,High,4747.5,No
8937-RDTHP,Male,0,1,0-1 years,Month-to-month,84.6,High,84.6,Yes
7083-MIOPC,Female,0,72,4-6 years,Two year,20.25,Low,1566.9,No
1984-GPTEH,Female,0,29,2-4 years,Month-to-month,25.15,Low,702.0,No
1251-KRREG,Male,0,2,0-1 years,Month-to-month,54.4,Medium,114.1,Yes
0621-JFHOL,Female,0,10,0-1 years,Two year,29.6,Low,299.05,No
9903-LYSAB,Male,0,18,1-2 years,Month-to-month,73.15,High,1305.95,No
0094-OIFMO,Female,1,11,0-1 years,Month-to-month,95.0,High,1120.3,Yes
9227-UAQFT,Male,0,16,1-2 years,Two year,19.75,Low,284.35,No
7301-ABVAD,Female,0,72,4-6 years,Two year,86.6,High,6350.5,No
6614-FHDBO,Male,0,72,4-6 years,Two year,109.2,High,7878.3,No
7576-ASEJU,Female,0,41,2-4 years,One year,74.7,High,3187.65,No
9058-HRZSV,Female,1,65,4-6 years,Month-to-month,94.4,High,6126.15,No
4522-AKYLR,Female,1,13,1-2 years,Month-to-month,54.8,Medium,731.3,No
0221-WMXNQ,Male,1,4,0-1 years,Month-to-month,75.35,High,273.4,No
0303-UNCIP,Male,0,41,2-4 years,One year,65.0,Medium,2531.8,No
9947-OTFQU,Male,1,15,1-2 years,Month-to-month,74.4,High,1074.3,Yes
0322-YINQP,Male,0,1,0-1 years,Month-to-month,48.55,Medium,48.55,Yes
0959-WHOKV,Male,0,42,2-4 years,One year,99.0,High,4298.45,No
4075-JFPGR,Female,0,51,4-6 years,One year,93.5,High,4619.55,No
4629-NRXKX,Female,0,2,0-1 years,Month-to-month,70.4,High,147.15,Yes
9514-JDSKI,Male,1,1,0-1 years,Month-to-month,40.2,Medium,40.2,Yes
3282-ZISZV,Male,0,32,2-4 years,One year,83.7,High,2633.3,No
3675-YDUPJ,Male,0,10,0-1 years,Month-to-month,19.85,Low,193.05,No
4111-BNXIF,Female,0,67,4-6 years,Two year,59.55,Medium,4103.9,No
7017-VFHAY,Female,0,61,4-6 years,Two year,115.1,High,7008.15,No
6655-LHBYW,Male,0,50,4-6 years,One year,114.35,High,5791.1,No
4959-JOSRX,Female,0,2,0-1 years,Month-to-month,44.6,Medium,80.55,Yes
5046-NUHWD,Female,1,29,2-4 years,Month-to-month,45.0,Medium,1228.65,No
7273-TEFQD,Male,1,3,0-1 years,Month-to-month,41.15,Medium,132.2,Yes
3606-TWKGI,Male,1,13,1-2 years,Month-to-month,106.9,High,1364.3,Yes
7529-ZDFXI,Male,1,57,4-6 years,Month-to-month,89.85,High,4925.35,No
7605-BDWDC,Female,0,31,2-4 years,Two year,49.85,Medium,1520.1,No
1950-KSVVJ,Female,0,45,2-4 years,One year,113.3,High,5032.25,No
0123-CRBRT,Female,0,61,4-6 years,Two year,88.1,High,5526.75,No
6292-TOSSS,Male,0,50,4-6 years,Two year,24.9,Low,1195.25,No
3197-ARFOY,Female,1,19,1-2 years,Month-to-month,105.0,High,2007.25,No
6323-AYBRX,Male,0,59,4-6 years,Two year,19.35,Low,1099.6,Yes
7014-ZZXAW,Female,0,71,4-6 years,Two year,24.25,Low,1732.95,No
4385-GZQXV,Female,1,16,1-2 years,Month-to-month,94.45,High,1511.2,Yes
7633-MVPUY,Male,0,57,4-6 years,Two year,59.75,Medium,3450.15,No
6366-ZGQGL,Male,0,1,0-1 years,Month-to-month,24.8,Low,24.8,Yes
4716-HHKQH,Male,1,20,1-2 years,Month-to-month,107.05,High,2172.05,No
5940-AHUHD,Male,0,1,0-1 years,Month-to-month,70.6,High,70.6,Yes
6432-TWQLB,Male,0,5,0-1 years,Month-to-month,85.4,High,401.1,Yes
4484-GLZOU,Female,0,52,4-6 years,Month-to-month,105.05,High,5624.85,Yes
3179-GBRWV,Male,1,21,1-2 years,Month-to-month,64.95,Medium,1339.8,No
8645-KWHJO,Male,0,14,1-2 years,Month-to-month,55.0,Medium,771.95,No
4130-MZLCC,Female,0,5,0-1 years,Month-to-month,50.55,Medium,244.75,No
0314-TKOSI,Female,0,6,0-1 years,Month-to-month,55.15,Medium,322.9,No
8229-MYEJZ,Female,0,10,0-1 years,Month-to-month,51.2,Medium,498.25,No
2080-SRCDE,Female,0,1,0-1 years,Month-to-month,25.4,Low,25.4,No
9577-WJVCQ,Female,0,68,4-6 years,Month-to-month,54.45,Medium,3687.75,No
9512-UIBFX,Male,0,18,1-2 years,Month-to-month,95.15,High,1779.95,Yes
6202-DYYFX,Female,0,22,1-2 years,One year,76.0,High,1783.6,No
3808-HFKDE,Female,0,20,1-2 years,Month-to-month,44.35,Medium,927.15,No
5583-SXDAG,Male,0,1,0-1 years,Month-to-month,70.0,Medium,70.0,Yes
3488-PGMQJ,Male,1,8,0-1 years,Month-to-month,74.5,High,606.55,Yes
3580-REOAC,Male,0,10,0-1 years,Month-to-month,44.85,Medium,435.4,Yes
7534-BFESC,Male,1,24,1-2 years,Month-to-month,76.1,High,1712.7,Yes
3727-OWVYD,Male,0,35,2-4 years,One year,61.2,Medium,2021.2,No
2294-SALNE,Male,0,23,1-2 years,One year,86.8,High,1940.8,No
4847-TAJYI,Female,1,6,0-1 years,Month-to-month,89.35,High,567.8,No
1563-IWQEX,Female,0,12,0-1 years,Month-to-month,19.7,Low,220.35,No
8203-XJZRC,Male,0,1,0-1 years,Month-to-month,20.25,Low,20.25,No
6556-DBKZF,Female,0,71,4-6 years,Two year,76.05,High,5436.45,No
6851-WEFYX,Male,1,35,2-4 years,Month-to-month,100.8,High,3437.5,No
2985-JUUBZ,Male,0,40,2-4 years,Month-to-month,74.55,High,3015.75,No
6390-DSAZX,Female,0,1,0-1 years,Month-to-month,73.6,High,73.6,Yes
0895-LMRSF,Male,0,23,1-2 years,One year,64.9,Medium,1509.8,No
8098-LLAZX,Female,1,4,0-1 years,Month-to-month,95.45,High,396.1,Yes
8266-VBFQL,Male,0,4,0-1 years,Month-to-month,90.4,High,356.65,No
8181-YHCMF,Female,0,68,4-6 years,Two year,60.3,Medium,4109.0,No
2240-HSJQD,Male,0,38,2-4 years,Month-to-month,81.85,High,3141.7,No
1248-DYXUB,Male,0,52,4-6 years,Two year,24.8,Low,1229.1,No
0265-EDXBD,Male,1,32,2-4 years,Month-to-month,74.9,High,2303.35,Yes
4115-BNPJY,Male,0,29,2-4 years,Two year,75.55,High,2054.4,No
3167-SNQPL,Male,1,38,2-4 years,Month-to-month,101.15,High,3741.85,No
4091-TVOCN,Male,0,48,2-4 years,One year,78.75,High,3682.45,No
1098-TDVUQ,Female,0,1,0-1 years,Month-to-month,19.25,Low,19.25,No
7277-OZCGZ,Female,0,22,1-2 years,Month-to-month,89.05,High,1886.25,No
1557-EMYVT,Female,0,43,2-4 years,Two year,115.05,High,4895.1,No
2799-ARNLO,Female,1,5,0-1 years,Month-to-month,69.35,Medium,341.6,No
7563-BIUPC,Male,0,5,0-1 years,Month-to-month,80.6,High,415.55,Yes
5027-YOCXN,Male,0,51,4-6 years,One year,110.05,High,5686.4,No
3973-SKMLN,Male,0,71,4-6 years,Two year,19.9,Low,1355.1,No
2321-OMBXY,Female,0,38,2-4 years,One year,80.3,High,3058.65,Yes
2840-XANRC,Male,1,24,1-2 years,Month-to-month,93.15,High,2231.05,Yes
6745-JEFZB,Male,0,35,2-4 years,Month-to-month,91.5,High,3236.35,No
5020-ZSTTY,Female,1,54,4-6 years,One year,82.45,High,4350.1,Yes
9880-TDQAC,Female,0,72,4-6 years,Two year,60.0,Medium,4264.0,No
8705-WZCYL,Male,0,1,0-1 years,Month-to-month,44.8,Medium,44.8,No
7102-JJVTX,Female,0,9,0-1 years,One year,48.6,Medium,422.3,No
8626-PTQGE,Male,0,69,4-6 years,Two year,60.05,Medium,4176.7,No
4983-CLMLV,Female,0,52,4-6 years,Month-to-month,102.7,High,5138.1,No
5701-YVSVF,Female,1,11,0-1 years,Month-to-month,82.9,High,880.05,No
5804-LEPIM,Female,1,2,0-1 years,Month-to-month,70.35,High,139.05,Yes
5697-GOMBF,Female,1,28,2-4 years,Month-to-month,35.9,Medium,973.65,No
2739-CACDQ,Female,1,17,1-2 years,Month-to-month,82.65,High,1470.05,No
9385-EHGDO,Female,0,35,2-4 years,Two year,19.85,Low,739.35,No
9498-FIMXL,Female,0,8,0-1 years,One year,19.2,Low,161.95,No
2379-GYFLQ,Male,0,46,2-4 years,One year,94.9,High,4422.95,No
0122-OAHPZ,Female,0,7,0-1 years,Month-to-month,73.85,High,511.25,Yes
2868-SNELZ,Female,0,2,0-1 years,Month-to-month,80.6,High,155.8,Yes
4322-RCYMT,Male,0,68,4-6 years,One year,75.8,High,5293.95,Yes
6680-NENYN,Female,0,43,2-4 years,Two year,104.6,High,4759.85,Yes
2088-IEBAU,Female,0,68,4-6 years,Two year,88.15,High,6148.45,No
7982-VCELR,Female,0,36,2-4 years,Month-to-month,94.8,High,3565.65,No
1343-EHPYB,Male,0,63,4-6 years,Month-to-month,103.4,High,6603.0,Yes
6035-BXTTY,Female,1,32,2-4 years,Month-to-month,54.65,Medium,1830.1,No
6885-PKOAM,Female,0,71,4-6 years,Two year,85.75,High,6223.8,No
7520-HQWJU,Female,0,66,4-6 years,Month-to-month,67.45,Medium,4508.65,No
9639-BUJXT,Male,0,63,4-6 years,One year,20.5,Low,1328.15,No
5924-SNGKP,Female,0,41,2-4 years,One year,20.25,Low,865.0,No
0021-IKXGC,Female,1,1,0-1 years,Month-to-month,72.1,High,72.1,No
2034-GDRCN,Female,0,2,0-1 years,Month-to-month,90.4,High,168.2,Yes
8966-SNIZF,Female,0,70,4-6 years,Two year,19.45,Low,1303.5,No
6243-OZGFH,Female,0,23,1-2 years,Month-to-month,44.95,Medium,996.85,No
4654-DLAMQ,Female,1,64,4-6 years,One year,97.0,High,6430.9,No
0513-RBGPE,Male,0,37,2-4 years,Two year,62.8,Medium,2278.75,No
5160-UXJED,Male,0,17,1-2 years,One year,44.6,Medium,681.4,No
4115-NZRKS,Female,1,7,0-1 years,Month-to-month,89.15,High,574.35,No
0219-YTZUE,Male,0,4,0-1 years,Month-to-month,84.8,High,371.9,Yes
0623-IIHUG,Female,1,21,1-2 years,Month-to-month,41.9,Medium,840.1,Yes
4572-DVCGN,Female,0,10,0-1 years,Month-to-month,80.25,High,846.0,Yes
3351-NGXYI,Female,1,16,1-2 years,Month-to-month,54.1,Medium,889.0,No
8984-EYLLL,Male,0,64,4-6 years,Two year,105.25,High,6823.4,No
9057-MSWCO,Male,1,27,2-4 years,Month-to-month,30.75,Low,805.1,Yes
9833-TGFHX,Male,0,42,2-4 years,One year,97.1,High,4016.75,No
9294-TDIPC,Male,0,5,0-1 years,Month-to-month,20.2,Low,83.75,No
5229-DTFYB,Female,0,41,2-4 years,Two year,98.8,High,3959.15,No
0104-PPXDV,Male,0,58,4-6 years,One year,50.3,Medium,2878.55,No
5176-LMJXE,Female,0,47,2-4 years,Two year,20.55,Low,945.7,No
3583-KRKMD,Male,0,18,1-2 years,Month-to-month,75.9,High,1373.05,No
1010-DIAUQ,Male,0,5,0-1 years,Month-to-month,96.5,High,492.55,Yes
9069-LGEUL,Male,0,23,1-2 years,Month-to-month,59.95,Medium,1406.0,No
7302-ZHMHP,Female,0,1,0-1 years,Month-to-month,19.15,Low,19.15,No
9571-EDEBV,Male,0,71,4-6 years,One year,98.65,High,6962.85,No
3520-FJGCV,Male,0,72,4-6 years,Two year,112.6,High,8126.65,No
6563-VRERX,Male,0,33,2-4 years,One year,20.6,Low,690.25,No
0259-GBZSH,Male,0,2,0-1 years,Month-to-month,85.65,High,181.5,Yes
6122-EFVKN,Male,0,24,1-2 years,Two year,35.75,Medium,830.8,No
2805-EDJPQ,Female,0,56,4-6 years,One year,99.75,High,5608.4,No
6862-CQUMB,Male,0,37,2-4 years,Month-to-month,96.1,High,3646.8,No
7156-MXBJE,Female,0,43,2-4 years,One year,85.1,High,3662.25,No
6158-HDPXZ,Male,0,1,0-1 years,Month-to-month,25.35,Low,25.35,No
9601-BRXPO,Female,0,25,2-4 years,Month-to-month,104.95,High,2566.5,Yes
2863-IMQDR,Female,0,61,4-6 years,Two year,89.65,High,5308.7,No
5686-CMAWK,Male,0,17,1-2 years,One year,86.75,High,1410.25,No
5651-CRHKQ,Female,0,41,2-4 years,One year,86.2,High,3339.05,No
6905-NIQIN,Male,0,1,0-1 years,Month-to-month,50.65,Medium,50.65,Yes
8204-YJCLA,Male,1,72,4-6 years,Two year,64.8,Medium,4732.35,No
5167-ZFFMM,Male,0,1,0-1 years,Month-to-month,90.85,High,90.85,Yes
6583-SZVGP,Male,0,48,2-4 years,Two year,108.1,High,5067.45,No
4895-TMWIR,Male,1,11,0-1 years,Month-to-month,19.95,Low,214.75,Yes
0533-BNWKF,Female,1,55,4-6 years,Month-to-month,85.45,High,4874.7,Yes
1708-PBBOA,Female,0,42,2-4 years,One year,54.75,Medium,2348.45,No
8782-LKFPK,Male,0,44,2-4 years,Month-to-month,90.4,High,4063.0,No
5522-JBWMO,Male,0,1,0-1 years,Month-to-month,44.0,Medium,44.0,No
3597-MVHJT,Female,0,27,2-4 years,Month-to-month,95.6,High,2595.25,No
9774-NRNAU,Male,1,27,2-4 years,Month-to-month,84.8,High,2309.55,No
0224-RLWWD,Female,1,2,0-1 years,Month-to-month,44.3,Medium,89.3,No
9967-ATRFS,Female,0,19,1-2 years,Month-to-month,19.9,Low,367.55,No
3951-NJCVI,Female,1,42,2-4 years,Month-to-month,95.05,High,3944.5,No
2977-CEBSX,Female,0,66,4-6 years,Two year,90.05,High,5965.95,No
0177-PXBAT,Male,1,33,2-4 years,Month-to-month,109.9,High,3694.7,No
6599-CEBNN,Female,0,34,2-4 years,Month-to-month,73.95,High,2524.45,Yes
2519-ERQOJ,Male,1,33,2-4 years,Month-to-month,54.6,Medium,1803.7,No
5876-QMYLD,Female,0,23,1-2 years,One year,20.05,Low,415.1,No
2277-AXSDC,Female,0,32,2-4 years,One year,19.75,Low,624.15,No
9442-JTWDL,Female,0,11,0-1 years,One year,20.05,Low,237.7,No
0979-PHULV,Male,0,69,4-6 years,Month-to-month,99.45,High,7007.6,Yes
3067-SVMTC,Female,0,68,4-6 years,One year,55.9,Medium,3848.8,No
5495-GPSRW,Male,0,20,1-2 years,Two year,19.7,Low,419.4,No
7606-BPHHN,Male,0,72,4-6 years,Two year,19.8,Low,1468.75,No
4742-DRORA,Male,0,60,4-6 years,One year,95.4,High,5812.0,No
0111-KLBQG,Male,1,32,2-4 years,Month-to-month,93.95,High,2861.45,No
4800-VHZKI,Female,0,1,0-1 years,Month-to-month,19.9,Low,19.9,Yes
7989-CHGTL,Male,0,1,0-1 years,Month-to-month,19.6,Low,19.6,Yes
0334-GDDSO,Male,1,3,0-1 years,Month-to-month,81.35,High,233.7,Yes
4163-NCJAK,Female,0,46,2-4 years,One year,24.45,Low,1066.15,No
5233-AOZUF,Female,0,29,2-4 years,Month-to-month,74.95,High,2149.05,No
5973-EJGDP,Male,0,51,4-6 years,Month-to-month,87.35,High,4473.0,No
1996-DBMUS,Female,1,48,2-4 years,Month-to-month,70.65,High,3545.05,No
7916-VCCPB,Female,0,16,1-2 years,Month-to-month,73.25,High,1195.75,No
4686-GEFRM,Male,0,70,4-6 years,Two year,98.7,High,6858.9,No
5249-QYHEX,Female,0,40,2-4 years,Two year,24.8,Low,1024.7,No
0578-SKVMF,Female,0,22,1-2 years,Month-to-month,83.3,High,1845.9,Yes
5564-NEMQO,Female,1,1,0-1 years,Month-to-month,75.3,High,75.3,Yes
2233-FAGXV,Female,0,5,0-1 years,Month-to-month,24.3,Low,132.25,No
5605-IYGFG,Female,0,7,0-1 years,Month-to-month,69.85,Medium,515.45,No
7663-ZTEGJ,Male,0,29,2-4 years,One year,100.55,High,2830.45,No
3935-TBRZZ,Male,0,44,2-4 years,One year,25.7,Low,1110.5,No
8111-BKVDS,Female,0,10,0-1 years,Month-to-month,40.7,Medium,449.3,No
2055-SIFSS,Female,1,55,4-6 years,Month-to-month,51.65,Medium,2838.55,No
2806-MLNTI,Male,1,52,4-6 years,One year,105.1,High,5376.4,No
8734-DKSTZ,Female,0,10,0-1 years,Month-to-month,85.95,High,858.6,No
4360-PNRQB,Male,0,18,1-2 years,Month-to-month,75.6,High,1395.05,No
6152-ONASV,Female,0,68,4-6 years,One year,58.25,Medium,3975.7,No
9063-ZGTUY,Female,0,61,4-6 years,Month-to-month,19.4,Low,1182.55,Yes
7781-HVGMK,Female,0,72,4-6 years,Two year,65.2,Medium,4784.45,No
2181-UAESM,Male,0,2,0-1 years,Month-to-month,53.45,Medium,119.5,No
2957-LOLHO,Male,0,12,0-1 years,Month-to-month,45.4,Medium,518.9,Yes
6048-NJXHX,Male,0,41,2-4 years,Two year,19.75,Low,899.45,No
2320-SLKMB,Female,0,26,2-4 years,Month-to-month,44.45,Medium,1183.8,No
4980-URKXC,Male,0,36,2-4 years,One year,20.85,Low,720.05,No
4376-KFVRS,Male,0,72,4-6 years,Two year,114.05,High,8468.2,No
5886-VLQVU,Male,0,35,2-4 years,Month-to-month,89.85,High,3161.2,No
3577-AMVUX,Male,0,1,0-1 years,Month-to-month,55.05,Medium,55.05,No
0771-WLCLA,Female,0,16,1-2 years,Month-to-month,112.95,High,1882.55,No
5628-RKIFK,Female,1,49,4-6 years,Month-to-month,101.55,High,5070.4,No
0206-TBWLC,Female,0,54,4-6 years,One year,114.65,High,6049.5,No
2937-FTHUR,Female,0,18,1-2 years,Month-to-month,64.8,Medium,1166.7,No
1910-FMXJM,Female,0,36,2-4 years,Month-to-month,80.4,High,2937.65,No
7752-XUSCI,Female,0,60,4-6 years,Month-to-month,105.9,High,6396.45,Yes
4110-PFEUZ,Female,0,1,0-1 years,Month-to-month,69.55,Medium,69.55,Yes
0732-OCQOC,Female,0,52,4-6 years,Two year,25.05,Low,1270.25,No
5168-MSWXT,Male,0,8,0-1 years,Month-to-month,94.75,High,759.55,No
1090-ESELR,Male,0,72,4-6 years,Two year,105.5,High,7611.55,No
8592-PLTMQ,Female,0,64,4-6 years,One year,24.7,Low,1642.75,No
5760-WRAHC,Female,1,22,1-2 years,Month-to-month,69.75,Medium,1545.4,No
8847-GEOOQ,Male,0,60,4-6 years,Month-to-month,60.2,Medium,3582.4,No
0256-LTHVJ,Female,0,28,2-4 years,Month-to-month,81.05,High,2227.1,Yes
4785-FCIFB,Female,0,61,4-6 years,Two year,24.4,Low,1417.9,No
8313-NDOIA,Female,0,24,1-2 years,Month-to-month,104.15,High,2494.65,No
5149-CUZUJ,Male,0,28,2-4 years,One year,92.9,High,2768.35,No
0942-KOWSM,Female,0,30,2-4 years,Two year,80.8,High,2369.3,No
4237-CLSMM,Male,0,2,0-1 years,Month-to-month,20.0,Low,38.0,No
1452-VOQCH,Male,0,1,0-1 years,Month-to-month,75.1,High,75.1,No
4719-UMSIY,Male,0,6,0-1 years,Month-to-month,19.65,Low,100.9,No
6614-VBEGU,Female,0,24,1-2 years,Month-to-month,69.45,Medium,1614.05,No
0880-TKATG,Male,0,4,0-1 years,Month-to-month,101.15,High,385.9,Yes
3811-VBYBZ,Male,0,7,0-1 years,Month-to-month,99.8,High,673.25,Yes
1480-BKXGA,Male,1,72,4-6 years,Two year,116.05,High,8404.9,No
2996-XAUVF,Male,0,70,4-6 years,Two year,40.05,Medium,2799.75,No
9076-AXYIK,Male,1,64,4-6 years,Two year,102.1,High,6538.45,No
5968-XQIVE,Male,0,72,4-6 years,One year,89.7,High,6588.95,No
8896-RAZCR,Female,0,44,2-4 years,Two year,19.9,Low,868.1,No
4640-UHDOS,Female,0,13,1-2 years,Month-to-month,55.95,Medium,734.35,Yes
4933-IKULF,Female,1,17,1-2 years,One year,20.65,Low,330.6,No
3583-EKAPL,Male,0,1,0-1 years,Month-to-month,55.0,Medium,55.0,Yes
1304-BCCFO,Male,0,9,0-1 years,Month-to-month,70.05,High,564.4,No
4104-PVRPS,Male,0,24,1-2 years,Month-to-month,53.6,Medium,1315.35,No
9399-APLBT,Female,0,1,0-1 years,Month-to-month,74.7,High,74.7,Yes
2359-KMGLI,Male,0,24,1-2 years,Month-to-month,80.25,High,1861.5,Yes
3780-DDGSE,Male,1,35,2-4 years,Month-to-month,76.05,High,2747.2,No
4431-EDMIQ,Female,0,7,0-1 years,Month-to-month,75.7,High,554.05,No
0306-JAELE,Male,0,5,0-1 years,Month-to-month,96.1,High,453.4,Yes
6227-HWPWX,Female,0,15,1-2 years,Month-to-month,69.0,Medium,994.8,Yes
0486-LGCCH,Male,0,11,0-1 years,Two year,19.65,Low,225.75,No
0447-BEMNG,Female,0,48,2-4 years,Month-to-month,45.3,Medium,2145.0,Yes
4612-SSVHJ,Female,1,20,1-2 years,Month-to-month,81.45,High,1671.6,No
5168-MQQCA,Female,0,72,4-6 years,One year,108.5,High,8003.8,No
5949-XIKAE,Female,0,8,0-1 years,Month-to-month,83.55,High,680.05,Yes
7971-HLVXI,Male,0,72,4-6 years,Two year,84.5,High,6130.85,No
9094-AZPHK,Female,0,15,1-2 years,Month-to-month,100.15,High,1415.0,No
3649-JPUGY,Male,0,72,4-6 years,Two year,88.6,High,6201.95,No
4472-LVYGI,Female,0,0,,Two year,52.55,Medium,,No
8372-JUXUI,Male,0,1,0-1 years,Month-to-month,74.35,High,74.35,Yes
3552-CTCYF,Male,0,63,4-6 years,Two year,104.8,High,6597.25,No
6778-YSNIH,Female,0,2,0-1 years,Month-to-month,59.0,Medium,114.15,No
0388-EOPEX,Female,0,2,0-1 years,Month-to-month,74.4,High,139.4,Yes
5756-OZRIO,Male,1,61,4-6 years,One year,64.05,Medium,3902.6,No
6579-JPICP,Male,0,1,0-1 years,Month-to-month,20.4,Low,20.4,No
8205-OTCHB,Male,0,22,1-2 years,One year,43.75,Medium,903.6,Yes
4134-BSXLX,Male,0,28,2-4 years,Month-to-month,60.9,Medium,1785.65,No
0505-SPOOW,Female,0,70,4-6 years,Two year,19.8,Low,1397.65,No
6235-VDHOM,Female,1,5,0-1 years,Month-to-month,28.45,Low,131.05,Yes
7783-YKGDV,Female,0,12,0-1 years,Month-to-month,99.7,High,1238.45,Yes
4374-YMUSQ,Male,0,34,2-4 years,One year,116.25,High,3899.05,No
4513-CXYIX,Female,1,71,4-6 years,Two year,80.7,High,5676.0,No
3957-HHLMR,Female,0,70,4-6 years,One year,65.2,Medium,4543.15,No
7803-XOCCZ,Female,0,52,4-6 years,Month-to-month,84.05,High,4326.8,No
5736-YEJAX,Male,0,69,4-6 years,Two year,79.45,High,5502.55,No
5609-CEBID,Female,1,20,1-2 years,Month-to-month,94.1,High,1782.4,Yes
8981-FJGLA,Male,0,11,0-1 years,Month-to-month,78.0,High,851.8,No
7218-HKQFK,Male,0,2,0-1 years,Month-to-month,94.2,High,167.5,Yes
4636-QRJKY,Female,0,6,0-1 years,Month-to-month,80.5,High,502.85,Yes
1135-LMECX,Female,0,1,0-1 years,Month-to-month,19.85,Low,19.85,No
4332-MUOEZ,Male,1,20,1-2 years,One year,94.3,High,1818.3,No
8535-SFUTN,Male,0,61,4-6 years,Month-to-month,106.45,High,6300.15,No
5956-VKDTT,Female,1,5,0-1 years,Month-to-month,74.35,High,334.8,Yes
8677-HDZEE,Female,0,56,4-6 years,Month-to-month,105.45,High,5916.95,No
2475-MROZF,Male,0,30,2-4 years,Month-to-month,95.0,High,2852.4,No
9412-GHEEC,Male,0,40,2-4 years,Month-to-month,104.8,High,4131.95,Yes
3482-ABPKK,Female,0,28,2-4 years,One year,54.3,Medium,1546.3,No
6705-LXORM,Female,1,5,0-1 years,Month-to-month,70.05,High,302.6,No
0257-ZESQC,Female,1,27,2-4 years,Month-to-month,75.2,High,1929.35,Yes
7531-GQHME,Male,0,12,0-1 years,Month-to-month,20.05,Low,265.45,No
5174-ITUMV,Male,0,67,4-6 years,One year,105.4,High,6989.45,No
4109-CYRBD,Male,1,29,2-4 years,Month-to-month,51.6,Medium,1442.0,No
0913-XWSCN,Male,0,55,4-6 years,Month-to-month,85.5,High,4713.4,No
6825-UYPFK,Female,0,23,1-2 years,Month-to-month,75.6,High,1758.6,Yes
8397-MVTAZ,Male,0,34,2-4 years,Month-to-month,100.05,High,3480.0,Yes
0750-EBAIU,Male,0,52,4-6 years,One year,91.25,High,4738.3,No
8606-CIQUL,Male,1,72,4-6 years,Two year,115.75,High,8399.15,No
3571-DPYUH,Male,0,58,4-6 years,One year,94.7,High,5430.35,No
7601-GNDYK,Male,0,35,2-4 years,Two year,19.6,Low,686.95,No
0356-OBMAC,Female,1,56,4-6 years,Two year,99.9,High,5706.3,No
8067-NIOYM,Female,0,24,1-2 years,Two year,21.1,Low,490.65,No
1403-GYAFU,Male,0,70,4-6 years,Two year,20.05,Low,1360.25,No
4234-XTNEA,Male,0,2,0-1 years,Month-to-month,79.95,High,174.45,No
1297-VQDRP,Male,1,68,4-6 years,One year,107.15,High,7379.8,No
9282-IZGQK,Female,0,1,0-1 years,Month-to-month,85.0,High,85.0,Yes
5348-CAGXB,Male,0,12,0-1 years,Month-to-month,89.55,High,1021.75,No
0621-HJWXJ,Female,0,63,4-6 years,Month-to-month,81.55,High,5029.05,No
5844-QVTAT,Female,0,33,2-4 years,One year,58.45,Medium,1955.4,No
8905-IAZPF,Female,0,69,4-6 years,One year,95.65,High,6744.2,No
5394-MEITZ,Female,0,60,4-6 years,Two year,80.6,High,4946.7,No
6859-QNXIQ,Female,0,72,4-6 years,Two year,113.1,High,8248.5,No
2782-LFZVW,Female,0,11,0-1 years,Month-to-month,58.95,Medium,601.6,No
2866-IKBTM,Female,0,1,0-1 years,Month-to-month,19.55,Low,19.55,No
1342-JPNKI,Male,0,10,0-1 years,Month-to-month,86.05,High,834.1,Yes
2817-NTQDO,Male,0,13,1-2 years,Month-to-month,45.55,Medium,597.0,Yes
7129-AZJDE,Male,0,34,2-4 years,One year,78.95,High,2647.2,No
6986-IJDHX,Male,0,39,2-4 years,Month-to-month,86.3,High,3266.0,Yes
2560-PPCHE,Female,0,65,4-6 years,One year,105.05,High,6744.25,No
4676-MQUEA,Male,1,50,4-6 years,One year,101.9,High,5265.5,No
8138-EALND,Male,0,15,1-2 years,Month-to-month,19.75,Low,311.6,No
3580-HYCSP,Male,0,72,4-6 years,Two year,110.3,High,7966.9,No
1352-HNSAW,Female,0,72,4-6 years,Two year,115.6,High,8220.4,No
2075-PUEPR,Male,0,55,4-6 years,Two year,19.35,Low,1153.25,No
1982-FEBTD,Female,0,23,1-2 years,Two year,25.6,Low,514.75,No
5301-GAUUY,Male,0,32,2-4 years,Month-to-month,80.35,High,2596.15,Yes
5791-KAJFD,Female,0,56,4-6 years,One year,68.75,Medium,3808.0,No
2654-VBVPB,Female,0,1,0-1 years,Month-to-month,19.9,Low,19.9,No
1154-HYWWO,Male,0,38,2-4 years,One year,70.6,High,2708.2,No
2501-XWWTZ,Male,0,11,0-1 years,Month-to-month,70.2,High,760.05,No
3716-UVSPD,Male,0,1,0-1 years,Month-to-month,49.3,Medium,49.3,No
6815-ABQFQ,Male,0,56,4-6 years,One year,107.25,High,6033.3,No
7343-EOBEU,Male,0,3,0-1 years,Month-to-month,23.6,Low,89.05,No
3701-SFMUH,Male,0,7,0-1 years,Month-to-month,69.7,Medium,516.15,No
6103-LIANB,Male,0,59,4-6 years,Two year,99.5,High,5861.75,No
7319-VENRZ,Male,0,7,0-1 years,Month-to-month,64.3,Medium,445.95,No
5846-NEQVZ,Male,0,71,4-6 years,Two year,70.85,High,4973.4,No
6967-QIQRV,Male,0,15,1-2 years,One year,101.9,High,1667.25,No
5781-RFZRP,Male,0,71,4-6 years,Two year,73.5,High,5357.75,No
0939-YAPAF,Female,0,35,2-4 years,Month-to-month,100.25,High,3527.6,Yes
0308-IVGOK,Female,0,11,0-1 years,One year,40.4,Medium,422.6,No
7293-LSCDV,Female,0,60,4-6 years,Two year,19.25,Low,1103.25,No
7025-WCBNE,Male,1,47,2-4 years,Two year,59.6,Medium,2754.0,No
5756-JYOJT,Female,0,11,0-1 years,One year,64.9,Medium,697.25,No
4710-FDUIZ,Male,0,56,4-6 years,One year,100.3,High,5614.45,Yes
6030-REHUX,Female,1,28,2-4 years,Month-to-month,110.85,High,3204.4,No
9548-LIGTA,Male,0,61,4-6 years,Two year,81.05,High,4747.65,No
5150-LJNSR,Male,0,31,2-4 years,One year,98.05,High,3082.1,No
8270-RKSAP,Male,0,9,0-1 years,Month-to-month,70.5,High,597.9,No
6522-YRBXD,Male,1,35,2-4 years,Month-to-month,94.55,High,3365.4,No
2640-LYMOV,Male,0,2,0-1 years,Month-to-month,19.65,Low,38.8,No
1218-VKFPE,Female,0,12,0-1 years,Month-to-month,19.0,Low,233.55,Yes
3627-FHKBK,Female,0,1,0-1 years,Month-to-month,75.3,High,75.3,Yes
2865-TCHJW,Female,1,4,0-1 years,Month-to-month,89.2,High,346.2,Yes
1423-BMPBQ,Female,0,1,0-1 years,Month-to-month,19.0,Low,19.0,No
2393-DIVAI,Female,0,3,0-1 years,Month-to-month,20.0,Low,61.7,No
5192-EBGOV,Female,1,1,0-1 years,Month-to-month,85.7,High,85.7,Yes
4568-KNYWR,Male,0,52,4-6 years,Two year,63.25,Medium,3342.45,No
8752-IMQOS,Male,0,5,0-1 years,One year,20.1,Low,85.1,No
0742-LAFQK,Male,0,72,4-6 years,Two year,99.15,High,7422.1,No
0795-LAFGP,Male,0,71,4-6 years,Two year,90.4,High,6668.05,No
0619-OLYUR,Male,0,72,4-6 years,Two year,111.9,High,8071.05,No
5512-IDZEI,Male,0,46,2-4 years,One year,24.9,Low,1174.8,No
0459-SPZHJ,Male,0,63,4-6 years,Two year,83.5,High,5435.0,No
0215-BQKGS,Male,0,30,2-4 years,Month-to-month,84.3,High,2438.6,No
9244-ZVAPM,Male,0,1,0-1 years,Month-to-month,45.6,Medium,45.6,No
0719-SYFRB,Female,0,12,0-1 years,Month-to-month,61.65,Medium,713.75,Yes
8208-EUMTE,Male,0,16,1-2 years,Two year,54.85,Medium,916.15,No
5172-MIGPM,Male,0,4,0-1 years,Month-to-month,65.55,Medium,237.2,No
1710-RCXUS,Male,0,51,4-6 years,One year,90.35,High,4614.55,No
0374-FIUCA,Male,0,65,4-6 years,Two year,20.4,Low,1414.45,No
5839-SUYVZ,Male,0,16,1-2 years,Month-to-month,74.55,High,1170.5,No
5173-ZXXXL,Male,0,2,0-1 years,One year,19.95,Low,47.7,No
1096-ADRUX,Female,0,66,4-6 years,One year,74.25,High,4859.25,No
2001-MCUUW,Male,0,46,2-4 years,Two year,108.65,High,4903.2,No
2731-GJRDG,Female,0,32,2-4 years,One year,109.55,High,3608.0,No
4723-BEGSG,Male,0,72,4-6 years,Two year,86.65,High,6094.25,No
6516-NKQBO,Male,0,38,2-4 years,Two year,81.0,High,3084.9,No
8672-OAUPW,Male,0,51,4-6 years,One year,47.85,Medium,2356.75,No
8207-DMRVL,Male,0,72,4-6 years,Two year,114.55,High,8306.05,No
3419-SNJJD,Female,1,65,4-6 years,Month-to-month,105.25,High,6786.4,Yes
6543-CPZMK,Male,0,9,0-1 years,Month-to-month,29.95,Low,248.95,Yes
4765-OXPPD,Female,0,9,0-1 years,Month-to-month,65.0,Medium,663.05,Yes
2804-ETQDK,Male,0,66,4-6 years,Two year,20.55,Low,1357.1,No
6689-VRRTK,Female,1,44,2-4 years,One year,109.8,High,4860.35,No
7138-GIRSH,Male,0,50,4-6 years,Two year,69.5,Medium,3418.2,No
9396-ZSFLL,Female,0,15,1-2 years,Month-to-month,48.85,Medium,631.4,No
6464-KEXXH,Male,0,8,0-1 years,Month-to-month,25.25,Low,186.3,No
7134-MJPDY,Female,1,66,4-6 years,One year,102.85,High,6976.75,No
5240-CAOYT,Female,0,57,4-6 years,Month-to-month,87.55,High,4884.85,No
4059-IIEBK,Female,0,7,0-1 years,Month-to-month,78.55,High,522.95,No
4881-JVQOD,Male,1,10,0-1 years,Month-to-month,34.55,Low,362.6,No
0516-UXRMT,Female,0,62,4-6 years,One year,92.05,High,5755.8,No
4851-BQDNX,Male,0,40,2-4 years,One year,85.05,High,3355.65,No
5148-HKFIR,Female,0,20,1-2 years,Two year,19.7,Low,406.95,No
1009-IRMNA,Female,0,7,0-1 years,Month-to-month,20.0,Low,137.6,Yes
3003-CMDUU,Female,0,25,2-4 years,Month-to-month,95.15,High,2395.7,No
5016-IBERQ,Male,0,23,1-2 years,Month-to-month,84.25,High,1968.1,No
6797-UCJHZ,Female,1,66,4-6 years,One year,104.6,High,6819.45,No
2469-DTSGX,Female,1,72,4-6 years,Two year,111.65,High,7943.45,No
4554-YGZIH,Male,1,49,4-6 years,Month-to-month,90.05,High,4547.25,Yes
5099-BAILX,Male,1,43,2-4 years,Month-to-month,110.75,High,4687.9,Yes
9931-KGHOA,Female,0,46,2-4 years,Month-to-month,55.0,Medium,2473.95,No
1775-KWJKQ,Male,0,72,4-6 years,Two year,89.85,High,6562.9,No
7665-VIGUD,Male,0,10,0-1 years,One year,20.35,Low,176.3,No
9411-TPQQV,Female,0,40,2-4 years,One year,54.55,Medium,2236.2,No
7207-RMRDB,Female,0,65,4-6 years,Month-to-month,105.5,High,6985.65,Yes
7954-MLBUN,Male,0,31,2-4 years,Two year,99.45,High,3109.9,No
2077-DDHJK,Female,0,68,4-6 years,Two year,70.9,High,4911.35,No
4913-EHYUI,Male,1,56,4-6 years,One year,104.55,High,5794.65,Yes
0195-IESCP,Male,0,10,0-1 years,Month-to-month,85.25,High,855.3,Yes
9574-BOSMD,Male,0,68,4-6 years,Two year,25.4,Low,1620.2,No
4580-TMHJU,Female,0,43,2-4 years,Month-to-month,56.15,Medium,2499.3,Yes
0970-ETWGE,Male,0,1,0-1 years,Month-to-month,89.55,High,89.55,Yes
4908-XAXAY,Female,1,49,4-6 years,One year,89.85,High,4287.2,No
8404-VLQFB,Female,0,15,1-2 years,Month-to-month,25.25,Low,394.85,No
1626-ERCMM,Male,1,20,1-2 years,Month-to-month,94.55,High,1899.65,Yes
0887-HJGAR,Male,0,1,0-1 years,Month-to-month,45.7,Medium,45.7,Yes
2391-IPLOP,Male,0,50,4-6 years,One year,69.65,Medium,3442.15,No
5644-PDMZC,Female,1,2,0-1 years,Month-to-month,89.5,High,161.5,Yes
3509-GWQGF,Male,1,24,1-2 years,Month-to-month,70.0,Medium,1732.6,No
9576-ANLXO,Female,0,3,0-1 years,Month-to-month,69.55,Medium,222.3,Yes
2024-BASKD,Female,0,1,0-1 years,Month-to-month,74.6,High,74.6,Yes
5845-BZZIB,Male,0,35,2-4 years,Two year,20.1,Low,655.3,No
1140-UKVZG,Female,0,17,1-2 years,Month-to-month,24.8,Low,475.25,No
4160-AMJTL,Female,1,8,0-1 years,Month-to-month,19.65,Low,164.3,Yes
5183-SNMJQ,Male,0,10,0-1 years,Month-to-month,95.1,High,865.1,No
8100-PNJMH,Male,0,68,4-6 years,Two year,88.85,High,6132.7,No
7838-LAZFO,Male,0,45,2-4 years,One year,78.8,High,3597.5,No
4464-JCOLN,Male,0,2,0-1 years,One year,19.85,Low,35.9,Yes
2085-JVGAD,Male,0,37,2-4 years,Month-to-month,20.35,Low,697.65,No
5650-VDUDS,Female,0,4,0-1 years,Month-to-month,24.25,Low,96.05,Yes
8095-WANWK,Female,0,10,0-1 years,Month-to-month,45.25,Medium,428.7,No
3030-ZKIWL,Male,0,1,0-1 years,Month-to-month,20.05,Low,20.05,No
9565-FLVCG,Male,0,65,4-6 years,Two year,69.55,Medium,4459.15,No
8755-OGKNA,Female,0,57,4-6 years,Two year,19.5,Low,1167.6,No
2800-VEQXM,Female,0,3,0-1 years,Month-to-month,74.75,High,238.1,No
7538-GWHML,Female,0,2,0-1 years,Month-to-month,69.65,Medium,145.15,Yes
5533-RJFTJ,Male,0,49,4-6 years,Month-to-month,30.2,Low,1453.1,No
3859-CVCET,Female,0,4,0-1 years,Month-to-month,45.65,Medium,191.05,Yes
0214-JHPFW,Female,0,70,4-6 years,Two year,57.8,Medium,4039.3,No
5642-MHDQT,Female,0,53,4-6 years,One year,19.85,Low,1039.45,No
3088-FVYWK,Male,0,53,4-6 years,Two year,25.55,Low,1336.1,No
3276-HDUEG,Female,0,1,0-1 years,Month-to-month,75.05,High,75.05,Yes
9092-GDZKO,Male,0,22,1-2 years,Month-to-month,24.85,Low,493.4,No
0823-HSCDJ,Male,1,52,4-6 years,Month-to-month,49.15,Medium,2550.9,Yes
3729-OWRVL,Male,1,65,4-6 years,Two year,110.35,High,7246.15,No
2324-AALNO,Female,0,48,2-4 years,One year,24.55,Low,1203.95,No
0822-GAVAP,Female,0,2,0-1 years,Month-to-month,34.7,Low,62.25,Yes
5760-IFJOZ,Male,0,3,0-1 years,Month-to-month,107.95,High,313.6,No
2826-UWHIS,Male,0,45,2-4 years,Month-to-month,81.4,High,3775.85,No
1448-PWKYE,Male,0,1,0-1 years,Month-to-month,80.0,High,80.0,Yes
7501-IWUNG,Female,0,61,4-6 years,Two year,73.8,High,4616.05,No
4957-TREIR,Male,0,3,0-1 years,Month-to-month,64.4,Medium,195.65,No
7251-LJBQN,Female,1,40,2-4 years,One year,103.75,High,4188.4,No
8040-MNRTF,Female,0,1,0-1 years,Month-to-month,71.1,High,71.1,No
1536-HBSWP,Female,0,1,0-1 years,Month-to-month,49.9,Medium,49.9,No
5313-FPXWG,Male,0,51,4-6 years,One year,24.6,Low,1266.4,No
0067-DKWBL,Male,1,2,0-1 years,Month-to-month,49.25,Medium,91.1,Yes
0946-FKYTX,Male,0,52,4-6 years,One year,30.1,Low,1623.4,No
5076-YVXCM,Male,0,51,4-6 years,Month-to-month,83.4,High,4149.45,No
8262-COGGB,Male,0,1,0-1 years,Month-to-month,20.45,Low,20.45,No
6663-JOCQO,Male,0,31,2-4 years,One year,75.25,High,2344.5,No
9620-QJREV,Male,0,47,2-4 years,One year,20.55,Low,1013.05,No
2276-YDAVZ,Female,0,3,0-1 years,Month-to-month,75.1,High,270.7,Yes
2682-KEVRP,Female,1,22,1-2 years,One year,20.05,Low,417.0,No
2480-JZOSN,Female,0,1,0-1 years,Month-to-month,20.65,Low,20.65,No
0078-XZMHT,Male,0,72,4-6 years,Two year,85.15,High,6316.2,No
5896-NPFWW,Male,0,3,0-1 years,Month-to-month,50.15,Medium,168.15,Yes
9978-HYCIN,Male,1,47,2-4 years,One year,84.95,High,4018.05,No
8338-QIUNR,Male,0,72,4-6 years,Two year,66.5,Medium,4811.6,No
1525-LNLOJ,Male,0,66,4-6 years,Two year,63.3,Medium,4189.7,No
9450-TRJUU,Male,0,35,2-4 years,Month-to-month,83.15,High,2848.45,No
1766-GKNMI,Male,0,29,2-4 years,Month-to-month,84.9,High,2516.2,No
6942-LBFDP,Female,0,2,0-1 years,Month-to-month,20.55,Low,33.6,No
1456-TWCGB,Male,0,4,0-1 years,Month-to-month,49.25,Medium,208.45,No
7133-VBDCG,Female,0,25,2-4 years,Month-to-month,79.85,High,2015.35,Yes
7596-ZYWBB,Female,0,65,4-6 years,Two year,59.6,Medium,3739.8,No
8329-UTMVM,Male,1,27,2-4 years,One year,104.65,High,2964.0,No
3014-WJKSM,Male,0,29,2-4 years,Month-to-month,75.3,High,2263.4,No
3347-YJZZE,Male,0,29,2-4 years,Month-to-month,80.1,High,2211.8,No
1029-QFBEN,Male,0,1,0-1 years,Month-to-month,19.55,Low,19.55,Yes
7929-DMBCV,Female,0,20,1-2 years,Month-to-month,81.0,High,1683.7,No
9661-JALZV,Female,0,58,4-6 years,Two year,24.7,Low,1519.0,No
5433-KYGHE,Female,0,14,1-2 years,Month-to-month,86.0,High,1164.05,No
4312-KFRXN,Male,0,72,4-6 years,Two year,25.4,Low,1710.9,No
5575-TPIZQ,Male,0,46,2-4 years,Month-to-month,89.15,High,4245.55,No
0114-IGABW,Female,0,71,4-6 years,Two year,58.25,Medium,4145.9,No
9944-AEXBM,Male,0,32,2-4 years,Month-to-month,85.65,High,2664.3,No
1853-ARAAQ,Female,0,26,2-4 years,Month-to-month,50.35,Medium,1277.5,No
6952-OMNWB,Male,1,68,4-6 years,Month-to-month,80.35,High,5589.3,No
4697-LUPSU,Male,0,2,0-1 years,One year,20.2,Low,34.75,No
8434-VGEQQ,Male,0,61,4-6 years,Two year,20.55,Low,1305.95,No
4952-YSOGZ,Female,0,4,0-1 years,Month-to-month,85.95,High,381.3,Yes
1589-AGTLK,Male,0,3,0-1 years,Month-to-month,45.35,Medium,141.5,Yes
5244-IRFIH,Male,1,33,2-4 years,Month-to-month,94.5,High,3105.55,Yes
6549-YMFAW,Male,1,9,0-1 years,Month-to-month,21.25,Low,204.55,No
4950-HKQTE,Female,0,22,1-2 years,Two year,26.25,Low,605.9,No
6786-OBWQR,Female,0,5,0-1 years,Month-to-month,80.85,High,356.1,No
2684-EIWEO,Female,1,30,2-4 years,Month-to-month,91.7,High,2758.15,Yes
2753-JMMCV,Male,0,65,4-6 years,Two year,74.2,High,4805.65,No
6439-GTPCA,Female,0,45,2-4 years,Month-to-month,87.25,High,3941.7,Yes
6621-YOBKI,Male,0,5,0-1 years,Month-to-month,20.35,Low,92.75,No
1216-JWVUX,Male,0,25,2-4 years,Month-to-month,75.5,High,1901.05,No
7564-GHCVB,Female,0,72,4-6 years,Two year,79.05,High,5730.7,No
1173-NOEYG,Female,0,27,2-4 years,Month-to-month,90.15,High,2423.4,No
7595-EHCDL,Male,0,32,2-4 years,Month-to-month,50.6,Medium,1653.45,No
6647-ZEDXT,Female,0,30,2-4 years,One year,110.45,High,3327.05,No
2521-NPUZR,Male,0,70,4-6 years,Two year,101.0,High,7085.5,No
1307-TVUFB,Male,1,42,2-4 years,Month-to-month,79.35,High,3344.1,No
7503-MIOGA,Female,1,72,4-6 years,Two year,89.85,High,6697.35,No
4381-MHQDC,Female,0,47,2-4 years,Two year,65.0,Medium,2879.9,No
6923-JHPMP,Female,0,2,0-1 years,Month-to-month,80.45,High,137.1,No
5138-WVKYJ,Male,0,10,0-1 years,Month-to-month,98.55,High,1008.55,Yes
4018-PPNDW,Female,0,61,4-6 years,Two year,24.1,Low,1551.6,No
1635-FJFCC,Female,0,5,0-1 years,Month-to-month,44.05,Medium,202.15,No
2499-AJYUA,Female,1,72,4-6 years,Two year,110.8,High,7882.25,No
6919-ELBGL,Male,1,72,4-6 years,Two year,114.95,High,8196.4,No
3966-HRMZA,Female,1,3,0-1 years,Month-to-month,75.05,High,202.9,No
6425-JWTDV,Male,0,48,2-4 years,Two year,19.25,Low,855.1,No
8405-IGQFX,Female,0,63,4-6 years,One year,90.05,High,5817.0,No
8224-IVVPA,Female,0,27,2-4 years,Month-to-month,56.7,Medium,1652.95,No
9477-LGWQI,Male,0,70,4-6 years,Two year,80.15,High,5600.15,No
1410-RSCMR,Male,0,7,0-1 years,Month-to-month,71.35,High,515.75,No
3115-CZMZD,Male,0,0,,Two year,20.25,Low,,No
0139-IVFJG,Female,0,2,0-1 years,Month-to-month,90.35,High,190.5,No
6683-VLCTZ,Male,1,20,1-2 years,Month-to-month,98.55,High,1842.8,Yes
5730-DBDSI,Male,0,66,4-6 years,Two year,19.7,Low,1253.8,No
0030-FNXPP,Female,0,3,0-1 years,Month-to-month,19.85,Low,57.2,No
2189-WWOEW,Female,0,15,1-2 years,Month-to-month,85.9,High,1269.55,Yes
5684-FJVYR,Female,0,72,4-6 years,Two year,90.35,High,6563.4,No
4013-GUXND,Male,0,1,0-1 years,Month-to-month,20.8,Low,20.8,No
1894-IGFSG,Female,0,22,1-2 years,Month-to-month,89.25,High,1907.85,Yes
7379-POKDZ,Male,0,3,0-1 years,Month-to-month,70.3,High,208.85,Yes
1266-NZYUI,Female,0,72,4-6 years,Two year,66.85,Medium,4758.8,No
7969-FFOWG,Male,0,65,4-6 years,Two year,19.9,Low,1292.6,No
4718-DHSMV,Female,0,11,0-1 years,Month-to-month,35.8,Medium,363.15,No
5175-WLYXL,Male,0,22,1-2 years,Month-to-month,78.85,High,1600.25,No
7817-OMJNA,Male,0,14,1-2 years,One year,20.4,Low,275.7,No
8728-SKJLR,Male,0,41,2-4 years,Month-to-month,74.25,High,3089.1,No
3137-NYQQI,Male,0,17,1-2 years,One year,64.8,Medium,1175.6,No
7706-DZNKK,Male,0,11,0-1 years,Month-to-month,20.45,Low,237.3,No
0236-HFWSV,Male,0,15,1-2 years,Month-to-month,93.35,High,1444.65,Yes
3900-AQPHZ,Female,0,1,0-1 years,Month-to-month,19.9,Low,19.9,Yes
5842-POCOP,Female,0,5,0-1 years,Month-to-month,88.9,High,454.15,Yes
2037-XJFUP,Male,0,33,2-4 years,One year,95.8,High,3036.75,Yes
8823-RLPWL,Female,0,72,4-6 years,Two year,110.65,High,8065.65,No
9505-SQFSW,Female,0,3,0-1 years,Month-to-month,40.3,Medium,92.5,No
7314-OXENN,Male,0,2,0-1 years,Month-to-month,82.0,High,184.65,Yes
3758-CKOQL,Female,0,59,4-6 years,One year,107.0,High,6152.3,No
0322-CHQRU,Male,0,2,0-1 years,Month-to-month,45.35,Medium,89.5,Yes
5676-CFLYY,Male,0,71,4-6 years,Two year,73.35,High,5154.5,No
7521-AFHAB,Female,0,5,0-1 years,Month-to-month,44.8,Medium,220.45,No
0285-INHLN,Male,0,27,2-4 years,Month-to-month,54.75,Medium,1510.3,No
4678-DVQEO,Female,0,1,0-1 years,Month-to-month,52.2,Medium,52.2,Yes
5125-CNDSP,Male,0,63,4-6 years,One year,40.6,Medium,2588.95,No
0691-IFBQW,Female,1,46,2-4 years,One year,110.0,High,4874.8,Yes
4992-LTJNE,Male,0,72,4-6 years,Two year,55.3,Medium,3983.6,No
2202-OUTMO,Female,0,34,2-4 years,Month-to-month,60.85,Medium,2003.6,No
0810-BDHAW,Female,0,24,1-2 years,One year,78.4,High,1832.4,No
0229-LFJAF,Male,0,72,4-6 years,Two year,69.65,Medium,4908.25,No
7131-ZQZNK,Female,0,60,4-6 years,Two year,59.85,Medium,3590.2,No
3442-ZHHCC,Male,0,68,4-6 years,One year,76.9,High,5023.0,No
5726-CVNYA,Female,0,8,0-1 years,Two year,19.85,Low,146.6,No
9871-ELEYA,Female,0,34,2-4 years,Two year,67.65,Medium,2339.3,No
4257-GAESD,Female,0,6,0-1 years,Month-to-month,45.0,Medium,298.7,No
5173-WXOQV,Male,0,2,0-1 years,Month-to-month,64.2,Medium,143.65,No
2040-OBMLJ,Male,0,31,2-4 years,One year,81.7,High,2548.65,No
6286-ZHAOK,Female,0,20,1-2 years,Month-to-month,25.55,Low,507.4,No
3807-XHCJH,Female,0,1,0-1 years,Month-to-month,20.0,Low,20.0,No
3009-JWMPU,Male,0,62,4-6 years,One year,96.75,High,6125.4,Yes
5671-RQRLP,Female,1,70,4-6 years,Two year,75.65,High,5411.4,No
1450-GALXR,Female,0,10,0-1 years,Month-to-month,98.5,High,1058.25,Yes
8859-AXJZP,Male,0,39,2-4 years,Two year,23.8,Low,903.8,No
3174-AKMAS,Female,0,46,2-4 years,Two year,64.2,Medium,3009.5,No
3138-BKYAV,Male,0,6,0-1 years,Month-to-month,85.35,High,489.45,Yes
9926-PJHDQ,Female,0,72,4-6 years,Two year,76.8,High,5468.45,No
7382-DFJTU,Male,0,18,1-2 years,Month-to-month,55.2,Medium,1058.1,No
2798-NYLMZ,Male,0,71,4-6 years,Two year,108.55,High,7616.0,No
4289-DTDKW,Male,0,40,2-4 years,Month-to-month,101.3,High,4113.1,Yes
1820-TQVEV,Male,0,1,0-1 years,Month-to-month,69.55,Medium,69.55,Yes
2239-JALAW,Male,0,58,4-6 years,One year,103.25,High,6017.65,Yes
4853-RULSV,Male,0,70,4-6 years,Two year,104.0,High,7250.15,Yes
8098-TDCBU,Female,0,42,2-4 years,Two year,25.25,Low,1108.2,No
3551-GAEGL,Male,0,34,2-4 years,One year,30.4,Low,938.65,No
4785-NKHCX,Male,1,5,0-1 years,Month-to-month,20.05,Low,94.15,No
3196-NVXLZ,Female,0,25,2-4 years,Month-to-month,84.6,High,2088.05,No
6275-YDUVO,Female,0,2,0-1 years,Month-to-month,86.2,High,178.7,Yes
0036-IHMOT,Female,0,55,4-6 years,One year,103.7,High,5656.75,No
0115-TFERT,Male,0,21,1-2 years,Month-to-month,111.2,High,2317.1,Yes
4178-EGMON,Male,0,70,4-6 years,Two year,88.0,High,5986.45,No
4220-TINQT,Female,0,61,4-6 years,Month-to-month,106.35,High,6751.35,No
5318-YKDPV,Male,0,43,2-4 years,Two year,79.15,High,3566.6,No
7975-TZMLR,Male,0,47,2-4 years,One year,103.1,High,4889.3,No
0295-QVKPB,Male,0,5,0-1 years,Month-to-month,63.95,Medium,318.1,No
4335-BSMJS,Female,0,62,4-6 years,Two year,25.8,Low,1563.95,No
2311-QYMUQ,Female,0,16,1-2 years,Month-to-month,89.45,High,1430.25,Yes
3643-AHCFP,Male,1,7,0-1 years,Month-to-month,95.6,High,644.35,Yes
9146-JRIOX,Female,0,14,1-2 years,Month-to-month,25.55,Low,372.45,No
3104-OWCGK,Male,0,60,4-6 years,One year,90.95,High,5453.4,Yes
5337-IIWKZ,Male,0,34,2-4 years,Month-to-month,44.85,Medium,1442.6,No
9101-BWFSS,Female,0,50,4-6 years,One year,108.55,High,5610.7,Yes
9650-VBUOG,Male,0,38,2-4 years,Two year,25.05,Low,963.95,No
3487-EARAT,Female,0,70,4-6 years,One year,74.1,High,5222.3,No
2672-TGEFF,Female,0,37,2-4 years,Month-to-month,88.8,High,3340.55,No
9231-ZJYAM,Female,1,4,0-1 years,Month-to-month,78.85,High,292.8,Yes
4250-WAROZ,Male,1,60,4-6 years,Month-to-month,93.25,High,5774.55,No
8184-WMOFI,Male,0,62,4-6 years,One year,71.4,High,4487.3,No
6982-SSHFK,Male,0,1,0-1 years,Month-to-month,44.4,Medium,44.4,Yes
6092-QZVPP,Male,0,36,2-4 years,Month-to-month,79.2,High,2854.95,No
4625-LAMOB,Male,0,44,2-4 years,Two year,20.4,Low,905.55,No
0727-BMPLR,Female,1,55,4-6 years,One year,100.0,High,5509.3,Yes
0392-BZIUW,Female,0,72,4-6 years,Two year,105.0,High,7589.8,No
1038-ZAGBI,Female,0,12,0-1 years,One year,19.8,Low,229.6,Yes
6549-NNDYT,Female,0,13,1-2 years,Month-to-month,30.85,Low,394.1,No
3027-ZTDHO,Male,0,1,0-1 years,Month-to-month,89.9,High,89.9,Yes
0422-OHQHQ,Female,0,15,1-2 years,One year,20.55,Low,295.95,No
6916-HIJSE,Female,0,65,4-6 years,Two year,84.85,High,5459.2,No
2316-ESMLS,Female,0,12,0-1 years,One year,33.15,Low,444.75,No
9778-OGKQZ,Male,0,72,4-6 years,Two year,92.0,High,6782.15,No
7408-OFWXJ,Female,0,72,4-6 years,Two year,89.8,High,6510.45,No
6007-TCTST,Female,0,72,4-6 years,Two year,115.8,High,8476.5,No
2252-NKNSI,Male,0,52,4-6 years,Two year,85.15,High,4461.85,No
8713-IGZSO,Male,0,2,0-1 years,Month-to-month,24.85,Low,62.0,No
7905-TVXTA,Female,0,5,0-1 years,Month-to-month,64.35,Medium,352.65,No
7695-PKLCZ,Female,0,68,4-6 years,Two year,20.5,Low,1424.9,No
2382-BCKQJ,Female,0,62,4-6 years,One year,100.15,High,6413.65,Yes
8374-UULRV,Male,0,72,4-6 years,Two year,86.05,High,6309.65,No
2207-NHRJK,Male,0,1,0-1 years,Month-to-month,50.8,Medium,50.8,Yes
3224-DFQNQ,Female,0,66,4-6 years,One year,89.0,High,5898.6,No
5275-PMFUT,Male,0,72,4-6 years,Two year,64.8,Medium,4719.75,No
4795-UXVCJ,Male,0,26,2-4 years,One year,19.8,Low,457.3,No
9777-IQHWP,Male,0,64,4-6 years,Two year,93.4,High,5822.3,No
0947-MUGVO,Male,1,20,1-2 years,Month-to-month,73.65,High,1463.5,Yes
9944-HKVVB,Female,0,3,0-1 years,Month-to-month,95.1,High,307.4,Yes
4124-MMETB,Male,0,22,1-2 years,Month-to-month,94.65,High,2104.55,Yes
3671-SHRSP,Male,0,4,0-1 years,Month-to-month,80.6,High,319.15,Yes
0979-MOZQI,Male,0,62,4-6 years,Two year,39.0,Medium,2337.45,No
2732-ISEZX,Female,0,5,0-1 years,Month-to-month,20.5,Low,104.3,No
3313-QKNKB,Male,0,59,4-6 years,One year,85.55,High,5084.65,Yes
0323-XWWTN,Male,0,3,0-1 years,Two year,26.4,Low,121.25,No
1937-OTUKY,Female,0,72,4-6 years,Two year,98.2,High,7015.9,No
1573-LGXBA,Male,0,57,4-6 years,One year,97.55,High,5598.0,No
1764-VUUMT,Male,0,66,4-6 years,Two year,19.95,Low,1269.1,No
5073-WXOYN,Female,0,60,4-6 years,Month-to-month,50.8,Medium,3027.4,Yes
4713-ZBURT,Male,0,45,2-4 years,Two year,99.7,High,4634.35,No
3050-GBUSH,Female,0,3,0-1 years,Month-to-month,34.8,Low,113.95,No
0207-MDKNV,Female,0,15,1-2 years,Month-to-month,105.1,High,1582.75,Yes
7876-AEHIG,Female,0,51,4-6 years,One year,60.15,Medium,3077.0,No
7945-HLKEA,Female,0,60,4-6 years,One year,64.75,Medium,4039.5,No
9342-VNIMQ,Male,0,33,2-4 years,Month-to-month,54.65,Medium,1665.2,No
9851-KIELU,Male,0,10,0-1 years,Month-to-month,110.1,High,1043.3,Yes
3523-BRGUW,Male,1,26,2-4 years,One year,19.3,Low,504.2,No
3908-BLSYF,Female,0,6,0-1 years,Month-to-month,83.9,High,497.55,Yes
3199-NPKCN,Female,0,67,4-6 years,One year,111.25,High,7511.65,No
5170-PTRKA,Female,0,49,4-6 years,One year,35.8,Medium,1782.0,No
4661-NJEUX,Male,0,1,0-1 years,Month-to-month,20.05,Low,20.05,No
2123-AGEEN,Female,1,7,0-1 years,Month-to-month,84.35,High,609.65,No
1258-YMZNM,Female,1,27,2-4 years,One year,110.5,High,2857.6,No
0048-LUMLS,Male,0,37,2-4 years,One year,91.2,High,3247.55,No
7549-MYGPK,Female,0,63,4-6 years,Month-to-month,100.55,High,6215.35,Yes
5898-IGSLP,Male,0,31,2-4 years,Month-to-month,89.3,High,2823.0,No
3804-RVTGV,Male,0,50,4-6 years,Month-to-month,103.85,High,5017.9,Yes
6259-WJQLC,Male,1,32,2-4 years,Month-to-month,81.1,High,2619.25,No
9227-LUNBG,Female,0,1,0-1 years,Month-to-month,24.6,Low,24.6,Yes
7997-EASSD,Female,0,63,4-6 years,One year,81.2,High,4965.1,No
0730-KOAVE,Male,0,30,2-4 years,Month-to-month,94.3,High,2679.7,No
8975-SKGRX,Male,0,71,4-6 years,Two year,116.1,High,8310.55,No
0678-RLHVP,Female,0,53,4-6 years,Two year,105.55,High,5682.25,No
4315-MURBD,Female,0,12,0-1 years,Month-to-month,98.9,High,1120.95,Yes
2267-FPIMA,Male,0,50,4-6 years,Month-to-month,94.4,High,4914.9,No
1051-GEJLJ,Female,0,2,0-1 years,Month-to-month,19.5,Low,27.55,No
9734-YWGEX,Female,0,9,0-1 years,Month-to-month,98.3,High,923.5,Yes
2719-BDAQO,Male,0,17,1-2 years,Month-to-month,93.85,High,1625.65,Yes
5285-MVEHD,Female,0,56,4-6 years,One year,105.6,High,6068.65,No
0379-DJQHR,Male,0,67,4-6 years,Two year,81.35,High,5398.6,No
0781-LKXBR,Male,1,9,0-1 years,Month-to-month,100.5,High,918.6,Yes
5543-QDCRY,Male,0,4,0-1 years,Month-to-month,56.4,Medium,234.85,No
0297-RBCSG,Male,0,19,1-2 years,One year,65.35,Medium,1231.85,No
4694-PHWFW,Female,0,8,0-1 years,Month-to-month,19.95,Low,170.9,No
0835-JKADZ,Female,0,71,4-6 years,Two year,111.25,High,7984.15,No
1907-UBQFC,Male,1,10,0-1 years,Month-to-month,72.85,High,688.65,Yes
7508-SMHXL,Female,1,15,1-2 years,Month-to-month,89.0,High,1288.3,No
3865-YIOTT,Male,0,72,4-6 years,One year,106.1,High,7848.5,No
5993-BQHEA,Male,0,12,0-1 years,One year,20.05,Low,267.0,No
6024-RUGGH,Male,0,72,4-6 years,Two year,25.2,Low,1798.9,No
6513-EECDB,Male,1,1,0-1 years,Month-to-month,73.55,High,73.55,Yes
3956-CJUST,Female,1,23,1-2 years,Month-to-month,75.4,High,1643.55,No
4079-WWQQQ,Male,0,72,4-6 years,Two year,65.55,Medium,4807.45,No
6103-BOCOU,Female,0,26,2-4 years,Month-to-month,80.7,High,2193.0,No
5149-TGWDZ,Female,0,21,1-2 years,One year,104.55,High,2239.4,No
7471-WNSUF,Male,0,60,4-6 years,One year,24.15,Low,1505.9,No
8942-DBMHZ,Male,0,12,0-1 years,Month-to-month,20.45,Low,255.35,No
4301-VVZKA,Male,0,16,1-2 years,Month-to-month,75.4,High,1189.4,No
9199-PWQVC,Female,0,63,4-6 years,One year,79.7,High,4786.15,No
4824-GUCBY,Female,1,22,1-2 years,Month-to-month,81.7,High,1820.9,No
5393-HJZSM,Female,0,32,2-4 years,Month-to-month,76.3,High,2404.15,No
7074-IEVOJ,Female,1,3,0-1 years,Month-to-month,79.4,High,205.05,Yes
9625-QSTYE,Female,0,13,1-2 years,Month-to-month,81.15,High,952.3,Yes
0862-PRCBS,Female,0,68,4-6 years,Two year,103.75,High,7039.45,No
8812-ZRHFP,Female,0,30,2-4 years,One year,86.45,High,2538.05,No
5146-CBVOE,Female,0,16,1-2 years,Month-to-month,75.1,High,1212.85,No
0454-OKRCT,Male,0,33,2-4 years,Two year,80.6,High,2651.1,No
5787-KXGIY,Male,0,72,4-6 years,Two year,19.3,Low,1304.8,No
4750-ZRXIU,Female,1,4,0-1 years,Month-to-month,84.6,High,360.1,Yes
4198-VFOEA,Female,0,12,0-1 years,One year,33.6,Low,435.45,No
6630-UJZMY,Female,1,4,0-1 years,Month-to-month,83.25,High,308.05,No
5709-LVOEQ,Female,0,0,,Two year,80.85,High,,No
6400-BWQKW,Female,0,6,0-1 years,Month-to-month,79.05,High,434.5,Yes
2692-AQCPF,Female,0,65,4-6 years,One year,108.05,High,7118.9,No
0347-UBKUZ,Female,0,15,1-2 years,Month-to-month,19.9,Low,320.45,No
0835-DUUIQ,Female,0,24,1-2 years,One year,21.05,Low,531.55,No
0811-GSDTP,Female,0,13,1-2 years,Month-to-month,30.15,Low,382.2,No
7567-ECMCM,Male,0,24,1-2 years,Month-to-month,79.85,High,2001.0,No
6115-ZTBFQ,Female,0,72,4-6 years,Two year,65.5,Medium,4919.7,No
6353-BRMMA,Female,0,54,4-6 years,Month-to-month,104.1,High,5645.8,No
6680-WKXRZ,Female,0,3,0-1 years,Month-to-month,74.4,High,215.8,Yes
6231-WFGFH,Male,0,4,0-1 years,Month-to-month,20.5,Low,77.6,No
9904-EHEVJ,Female,1,32,2-4 years,Month-to-month,91.35,High,2896.55,No
7028-DVOIQ,Male,1,35,2-4 years,Month-to-month,99.05,High,3395.8,Yes
6169-PPETC,Male,0,35,2-4 years,Two year,20.5,Low,759.35,No
4208-UFFGW,Male,1,2,0-1 years,Month-to-month,44.95,Medium,85.15,Yes
8584-KMVXD,Female,0,8,0-1 years,Month-to-month,75.6,High,535.55,No
8467-WYNSR,Male,0,22,1-2 years,Month-to-month,55.1,Medium,1253.15,No
0851-DFJKB,Female,0,15,1-2 years,Month-to-month,58.95,Medium,955.15,No
5382-SOYZL,Male,0,22,1-2 years,Month-to-month,95.1,High,2162.6,No
9448-REEVD,Male,0,1,0-1 years,Month-to-month,44.7,Medium,44.7,Yes
3261-CQXOL,Female,0,71,4-6 years,Two year,25.45,Low,1813.35,No
8388-FYNPZ,Male,0,4,0-1 years,Month-to-month,56.75,Medium,245.15,No
4002-BQWPQ,Male,0,25,2-4 years,Month-to-month,81.75,High,2028.8,No
5651-YLPRD,Female,0,32,2-4 years,Month-to-month,86.1,High,2723.75,No
2826-DXLQO,Male,1,7,0-1 years,Month-to-month,29.8,Low,220.45,No
4378-BZYFP,Male,0,17,1-2 years,One year,20.5,Low,365.8,No
9489-UTFKA,Male,1,8,0-1 years,Month-to-month,60.9,Medium,551.95,No
4849-PYRLQ,Female,1,56,4-6 years,Two year,73.25,High,4054.2,No
9117-SHLZX,Male,0,1,0-1 years,Month-to-month,45.7,Medium,45.7,Yes
9889-TMAHG,Male,1,8,0-1 years,Month-to-month,100.3,High,832.35,Yes
4541-RMRLG,Male,0,7,0-1 years,Month-to-month,19.25,Low,112.3,Yes
7764-BDPEE,Male,0,3,0-1 years,Month-to-month,20.85,Low,60.65,No
3429-IFLEM,Female,0,71,4-6 years,Two year,77.35,High,5550.1,No
3158-MOERK,Female,0,2,0-1 years,Month-to-month,96.0,High,174.8,Yes
7294-TMAOP,Female,0,1,0-1 years,Month-to-month,90.55,High,90.55,Yes
5002-GCQFH,Male,0,49,4-6 years,Month-to-month,93.85,High,4733.1,No
0556-FJEGU,Male,0,58,4-6 years,Two year,70.1,High,4048.95,No
8919-FYFQZ,Male,1,44,2-4 years,Month-to-month,30.35,Low,1359.7,Yes
0604-THJFP,Female,0,59,4-6 years,Two year,75.95,High,4542.35,No
2834-JRTUA,Male,0,71,4-6 years,Two year,108.05,High,7532.15,Yes
5875-YPQFJ,Male,0,1,0-1 years,Month-to-month,69.9,Medium,69.9,Yes
5879-SESNB,Female,0,11,0-1 years,Month-to-month,75.25,High,888.65,No
6646-QVXLR,Male,1,62,4-6 years,One year,103.75,High,6383.35,Yes
6461-PPAXN,Female,0,35,2-4 years,One year,54.95,Medium,1916.0,No
3318-ISQFQ,Female,0,20,1-2 years,Month-to-month,19.5,Low,413.0,No
1106-HRLKZ,Male,0,40,2-4 years,Two year,19.6,Low,808.95,No
2483-XSSMZ,Female,0,39,2-4 years,One year,47.85,Medium,1886.4,No
8603-IJWDN,Male,0,1,0-1 years,Month-to-month,86.6,High,86.6,Yes
8165-ZJRNM,Female,0,72,4-6 years,Two year,23.75,Low,1679.25,No
9369-XFEHK,Female,1,33,2-4 years,Month-to-month,80.6,High,2656.5,Yes
2604-XVDAM,Female,0,12,0-1 years,Month-to-month,43.8,Medium,540.95,No
3717-OFRTN,Male,0,1,0-1 years,Month-to-month,19.75,Low,19.75,No
9046-JBFWA,Male,0,27,2-4 years,Month-to-month,19.15,Low,537.35,No
3280-NMUVX,Male,0,34,2-4 years,One year,19.6,Low,678.8,No
1206-EHBDD,Female,0,56,4-6 years,Two year,80.3,High,4513.65,No
8361-LBRDI,Female,0,58,4-6 years,Two year,24.35,Low,1423.85,No
4883-KCPZJ,Female,0,22,1-2 years,Two year,25.25,Low,555.4,No
9108-EQPNQ,Female,0,10,0-1 years,Two year,26.1,Low,225.55,No
7277-KAMWT,Male,0,13,1-2 years,Two year,20.0,Low,268.45,No
3842-IYKUE,Female,0,35,2-4 years,Month-to-month,85.3,High,2917.5,Yes
6641-XRPSU,Female,0,34,2-4 years,Month-to-month,70.0,Medium,2416.1,Yes
1374-DMZUI,Female,1,4,0-1 years,Month-to-month,94.3,High,424.45,Yes
2545-LXYVJ,Male,0,72,4-6 years,Two year,20.7,Low,1492.1,No
3234-VKACU,Male,0,2,0-1 years,Month-to-month,70.3,High,132.4,No
